sequence.id,OTU_0,OTU_1,OTU_2,OTU_3,OTU_4,OTU_5,OTU_6,OTU_7,OTU_8,OTU_9,OTU_10,OTU_12,OTU_14,OTU_15,OTU_16,OTU_17,OTU_18,OTU_19,OTU_20,OTU_22,OTU_23,OTU_24,OTU_26,OTU_27,OTU_28,OTU_29,OTU_30,OTU_31,OTU_32,OTU_34,OTU_36,OTU_38,OTU_39,OTU_40,OTU_41,OTU_42,OTU_43,OTU_45,OTU_47,OTU_48,OTU_49,OTU_52,OTU_53,OTU_54,OTU_55,OTU_56,OTU_57,OTU_58,OTU_60,OTU_61,OTU_62,OTU_63,OTU_64,OTU_65,OTU_66,OTU_68,OTU_69,OTU_71,OTU_72,OTU_73,OTU_74,OTU_75,OTU_76,OTU_77,OTU_78,OTU_79,OTU_80,OTU_81,OTU_82,OTU_83,OTU_84,OTU_85,OTU_86,OTU_88,OTU_89,OTU_90,OTU_91,OTU_92,OTU_93,OTU_95,OTU_96,OTU_97,OTU_99,OTU_101,OTU_103,OTU_105,OTU_106,OTU_108,OTU_109,OTU_110,OTU_111,OTU_112,OTU_113,OTU_115,OTU_116,OTU_117,OTU_118,OTU_119,OTU_120,OTU_122,OTU_123,OTU_124,OTU_125,OTU_127,OTU_129,OTU_130,OTU_131,OTU_132,OTU_133,OTU_134,OTU_135,OTU_137,OTU_138,OTU_140,OTU_141,OTU_142,OTU_143,OTU_144,OTU_146,OTU_149,OTU_150,OTU_151,OTU_152,OTU_155,OTU_156,OTU_157,OTU_160,OTU_161,OTU_162,OTU_163,OTU_165,OTU_166,OTU_167,OTU_168,OTU_169,OTU_170,OTU_171,OTU_172,OTU_174,OTU_175,OTU_176,OTU_178,OTU_180,OTU_181,OTU_182,OTU_183,OTU_185,OTU_186,OTU_187,OTU_188,OTU_190,OTU_191,OTU_193,OTU_194,OTU_200,OTU_202,OTU_203,OTU_204,OTU_206,OTU_208,OTU_210,OTU_211,OTU_212,OTU_216,OTU_220,OTU_221,OTU_222,OTU_223,OTU_225,OTU_226,OTU_227,OTU_228,OTU_229,OTU_231,OTU_232,OTU_233,OTU_234,OTU_235,OTU_237,OTU_241,OTU_242,OTU_243,OTU_245,OTU_246,OTU_248,OTU_249,OTU_251,OTU_253,OTU_254,OTU_256,OTU_257,OTU_258,OTU_259,OTU_261,OTU_262,OTU_263,OTU_265,OTU_266,OTU_267,OTU_268,OTU_269,OTU_270,OTU_273,OTU_274,OTU_280,OTU_282,OTU_286,OTU_290,OTU_291,OTU_297,OTU_305,OTU_309,OTU_313,OTU_324,OTU_332,OTU_338,OTU_345,OTU_347,OTU_452,OTU_552,OTU_612,OTU_614,OTU_1186,OTU_46,OTU_59,OTU_102,OTU_164,OTU_238,OTU_260,OTU_13,OTU_25,OTU_44,OTU_51,OTU_87,OTU_98,OTU_104,OTU_107,OTU_121,OTU_126,OTU_147,OTU_159,OTU_184,OTU_189,OTU_195,OTU_196,OTU_198,OTU_199,OTU_201,OTU_205,OTU_209,OTU_213,OTU_214,OTU_217,OTU_219,OTU_239,OTU_264,OTU_328
Wood49,18.23,4.7717,4.2129,9.285,0,14.804,14.165,11.323,5.745,4.7717,0,0,0,10.778,0,8.3468,0,0,7.463,0,10.353,4.2129,4.2129,0,0,7.8396,8.8365,3.2886,0,7.0507,0,5.745,0,6.6072,0,0,3.2886,5.4873,5.1734,0,0,9.5777,0,4.2129,0,0,9.0897,7.1431,0,0,6.8459,0,0,0,9.8759,10.785,0,7.1431,9.1355,3.2886,0,0,0,8.0453,5.1734,7.8939,0,0,4.2129,0,0,4.2129,7.3119,0,0,0,0,3.2886,9.9923,0,5.4873,0,3.2886,0,0,5.1734,0,0,0,7.533,0,10.314,0,0,4.7717,4.2129,9.4018,3.2886,0,3.2886,0,0,3.2886,3.2886,0,10.985,3.2886,0,0,0,0,0,4.2129,8.5291,0,0,0,0,0,0,0,0,0,0,0,4.7717,0,0,0,0,0,0,0,0,4.7717,0,0,0,4.2129,0,0,0,0,0,0,9.3051,6.4712,5.1734,0,0,0,0,0,0,0,0,0,0,3.2886,4.2129,5.745,3.2886,0,0,0,0,4.2129,0,0,0,7.533,0,0,0,4.7717,0,0,0,0,0,0,0,4.2129,0,0,0,0,0,0,0,0,0,0,3.2886,0,0,0,0,0,0,0,0,0,0,0,0,0,0,0,0,0,0,0,0,0,0,0,0,6.321,4.2129,0,0,0,7.0507,0,3.2886,0,0,0,13.96,0,0,0,3.2886,7.463,11.172,6.9519,4.7717,0,0,0,0,0,4.2129,0,0,5.745,0,0,0,0,0,0,0,0,0,0
Wood32,18.555,5.3984,12.496,0,5.3984,14.503,11.991,12.041,2.7829,5.3984,0,12.797,0,10.585,0,11.744,0,13.367,11.899,0,7.3203,0,5.9026,6.038,0,8.1162,7.2662,8.3681,3.6741,8.7692,0,0,4.6164,0,0,0,6.6582,8.1162,6.3812,0,0,9.1288,0,0,2.7829,8.8075,6.7399,6.6582,0,0,5.1817,0,6.1617,0,5.7533,0,0,5.3984,0,0,2.7829,5.5867,0,0,6.5716,0,0,2.7829,0,0,0,4.2209,6.7399,7.0906,0,0,0,0,2.7829,0,0,0,2.7829,0,0,0,0,2.7829,2.7829,2.7829,4.6164,6.6582,0,5.3984,6.038,3.6741,0,0,0,0,0,0,4.2209,0,0,0,2.7829,0,0,0,0,0,5.1817,4.9266,5.1817,0,0,8.5602,0,0,0,0,0,0,0,6.4795,0,0,0,2.7829,0,0,0,0,0,0,0,0,0,0,0,0,0,0,0,0,0,4.2209,0,4.2209,0,0,0,0,0,0,0,0,4.2209,0,0,6.2756,0,0,3.6741,5.7533,0,0,0,0,0,5.1817,7.4714,0,8.7496,0,0,3.6741,0,0,0,0,0,2.7829,4.2209,0,0,0,0,0,0,0,0,5.3984,0,0,0,0,0,0,0,0,0,0,0,6.3812,5.5867,0,5.1817,0,2.7829,2.7829,0,0,0,0,0,0,0,0,0,0,3.6741,4.2209,0,10.034,0,0,0,0,0,10.54,0,5.3984,6.8905,0,5.5867,4.9266,0,0,0,0,0,0,0,0,0,0,0,0,0,4.6164,0,0,0,0,0
Wood41,16.8,0,4.8961,0,0,8.8273,15.508,13.27,13.009,16.45,0,3.0346,0,5.8717,0,10.687,0,12.464,11.592,0,8.0223,3.0346,0,4.8961,0,9.2921,10.463,4.4971,0,7.7117,0,8.9994,0,9.3248,3.0346,11.174,4.8961,12.409,5.2083,0,0,4.4971,0,3.0346,0,4.8961,0,3.9438,0,0,6.5626,3.9438,6.3244,5.2083,8.5511,12.252,0,9.4188,6.5626,0,5.2083,6.1887,0,10.371,3.0346,4.4971,0,4.8961,7.7117,0,0,0,8.6832,0,0,0,0,4.8961,3.0346,0,3.9438,0,8.3748,0,6.4484,4.4971,0,4.8961,0,8.85,8.4947,0,4.8961,0,0,0,0,4.4971,12.453,0,0,4.4971,0,8.436,0,0,6.9461,0,4.8961,0,0,0,0,5.6826,0,0,0,0,0,0,0,0,0,0,0,4.8961,0,5.4648,0,0,0,0,0,0,3.0346,0,0,0,0,0,0,0,0,0,0,0,0,3.0346,6.6685,0,0,0,0,0,3.0346,0,0,0,0,0,0,0,0,0,3.9438,0,0,0,0,0,3.9438,6.767,0,3.0346,0,0,0,3.0346,0,3.0346,0,0,0,0,0,3.0346,0,0,3.0346,0,0,0,0,0,0,0,0,0,0,0,0,5.2083,5.4648,3.9438,3.9438,0,0,0,0,0,0,3.0346,10.143,0,4.4971,8.7809,0,0,0,5.6826,3.0346,7.1053,7.555,10.562,0,4.8961,0,5.4648,0,0,14.624,3.0346,0,5.2083,6.8593,0,10.283,0,0,0,0,0,0,0,0,0,0,0,0,0,0,0,0,0,0,0,0
Wood35,19.758,5.9887,5.0112,7.2969,0,5.5812,8.9687,6.9773,6.5661,0,0,8.6133,0,0,0,11.837,5.0112,5.9887,4.0553,0,0,0,7.6733,5.5812,0,0,8.7241,5.5812,0,0,0,6.3061,0,0,4.0553,0,6.3061,0,0,0,0,4.0553,0,7.7797,0,0,10.443,5.0112,5.0112,0,10.271,0,0,0,6.3061,0,0,5.9887,0,0,0,0,0,5.9887,5.9887,0,0,0,0,0,0,4.0553,0,0,0,0,0,0,5.5812,0,7.1459,0,9.6115,0,0,0,0,0,0,0,0,0,0,0,0,0,0,0,0,0,0,0,0,0,5.0112,0,4.0553,0,0,0,0,0,0,5.0112,0,0,0,0,0,0,0,0,5.0112,0,0,0,0,0,0,4.0553,0,0,0,0,0,0,6.7863,0,0,0,0,0,0,0,0,0,0,0,0,0,0,0,0,7.7797,0,0,0,0,0,0,0,4.0553,0,0,6.3061,0,0,0,0,0,0,0,0,0,0,0,0,0,0,0,0,0,0,0,0,0,0,9.4273,0,0,4.0553,0,0,0,0,0,0,0,0,0,0,0,0,0,0,0,0,0,0,0,5.0112,0,5.9887,0,0,0,0,0,0,0,0,0,9.5824,0,0,0,0,0,0,0,0,4.0553,0,6.5661,0,0,8.6133,0,0,0,4.0553,0,0,0,10.537,0,5.0112,0,0,0,0,0,0,0,0,0,0
Wood9,19.561,0,7.0937,4.1658,6.422,0,11.527,9.4428,12.731,12.192,0,5.6962,0,0,0,11.254,0,0,4.1658,0,6.9026,0,7.7901,9.2554,4.1658,8.1756,8.5464,6.6822,0,0,0,4.1658,0,0,0,0,4.1658,6.6822,0,0,0,0,0,0,0,0,5.1251,5.1251,0,0,7.6752,0,0,0,8.0885,0,0,6.422,0,0,0,4.1658,0,4.1658,0,0,0,6.1043,0,0,0,0,6.1043,0,10.294,0,0,0,0,0,0,0,0,5.6962,0,5.1251,0,0,0,6.422,0,0,0,0,0,0,0,0,0,0,0,0,4.1658,5.6962,0,0,6.1043,0,0,0,0,0,8.3355,0,0,0,0,0,0,0,0,0,0,0,0,0,0,0,0,4.1658,0,9.9914,0,0,0,0,0,0,0,0,6.422,0,0,0,0,5.1251,0,6.1043,0,0,0,0,0,0,0,0,0,0,0,0,0,4.1658,0,0,0,0,0,0,4.1658,0,0,0,0,0,0,0,0,0,0,0,0,0,0,5.1251,0,0,0,0,0,0,0,0,0,0,0,0,0,0,0,0,0,0,0,0,0,0,0,0,4.1658,0,7.4136,0,0,0,0,0,0,0,0,0,0,0,9.4072,0,0,0,0,0,0,4.1658,14.209,4.1658,0,4.1658,0,0,5.6962,0,5.6962,0,0,0,0,0,0,0,0,0,0,0,0,5.6962,0,0,0,0,0
Wood18,16.071,0,17.93,0,0,6.134,8.5619,6.134,10.221,6.4198,0,11.623,14.093,3.1197,0,3.1197,0,6.8628,0,0,8.8292,0,6.4198,0,8.2336,14.098,9.0547,6.6582,0,3.1197,0,0,0,0,0,0,5.3024,0,8.1963,0,0,6.134,0,0,0,0,10.371,6.284,6.9551,0,0,0,4.0343,0,7.3446,0,3.1197,0,0,0,0,6.8628,0,4.5896,0,6.284,0,0,0,3.1197,0,10.053,6.7641,5.7773,5.5593,0,0,0,9.2677,0,9.0547,0,0,0,0,0,0,0,0,0,6.134,4.9896,0,0,0,0,0,0,0,0,0,4.0343,8.6749,0,0,0,0,0,0,0,0,0,0,3.1197,0,0,6.9551,3.1197,0,0,0,0,7.3446,0,0,8.374,0,0,0,0,0,0,0,0,0,8.374,0,0,0,0,0,0,4.0343,0,0,4.0343,0,0,0,0,0,0,0,0,0,0,0,0,7.9037,0,0,0,0,0,0,0,5.3024,5.7773,8.374,0,6.7641,0,0,0,0,0,0,5.3024,0,0,0,0,0,3.1197,0,0,0,0,0,0,0,0,0,0,4.0343,0,0,0,0,0,0,0,0,0,0,0,3.1197,8.27,0,0,4.0343,0,0,0,4.9896,0,0,0,3.1197,0,0,0,0,0,0,0,0,0,0,4.5896,0,3.1197,0,4.0343,0,0,0,0,0,0,0,0,0,0,0,0,0,0,0,0,0,0,0,0,0,0,0
Wood47,16.813,3.1496,14.858,5.8104,0,14.329,8.4407,6.4531,3.1496,0,0,0,0,0,3.1496,9.6793,0,0,6.7975,0,10.494,0,9.109,6.3172,0,9.3192,10.055,5.0222,0,4.6219,0,0,0,9.9211,0,0,12.127,0,9.0673,0,0,3.1496,0,10.823,0,0,11.044,3.1496,5.3352,0,9.7203,0,4.0659,0,7.3082,0,0,4.6219,6.3172,7.0753,0,6.1672,0,6.6916,7.0753,7.2346,0,0,0,0,0,8.1915,5.8104,5.5923,0,0,0,0,3.1496,0,7.7388,0,0,0,0,0,4.0659,0,0,0,0,0,0,0,0,0,0,0,0,0,0,7.0753,5.0222,0,0,5.0222,0,0,0,0,0,0,5.8104,0,6.1672,0,0,0,0,3.1496,0,4.6219,6.3172,0,0,7.9372,0,0,0,0,0,0,0,0,3.1496,0,7.9828,3.1496,0,0,0,0,0,0,0,0,0,0,0,0,0,0,0,0,4.6219,0,0,0,5.8104,0,0,0,4.6219,0,0,0,0,0,0,0,0,0,0,5.5923,0,0,0,5.5923,0,0,0,0,0,0,0,0,0,0,0,0,0,7.791,0,0,0,0,4.0659,0,0,0,0,0,0,0,3.1496,0,0,3.1496,0,0,0,0,0,0,0,0,0,0,0,3.1496,4.0659,0,4.6219,0,0,0,0,4.6219,0,3.1496,0,5.8104,0,5.9998,0,0,0,8.1116,0,0,5.3352,0,0,0,0,0,0,0,0,0,0,4.6219,0,0,11.547,0,5.8104
Wood29,16.475,19.838,3.053,9.2907,4.3551,13.344,11.721,8.8251,9.8274,0,4.5171,10.891,16.467,4.7951,3.4239,7.3577,15.426,2.5524,0,0,12.167,0,3.4239,2.5524,3.053,10.972,15.097,0,14.384,5.3194,5.4047,11.249,1.7795,0,7.1007,0,9.6553,0,7.7489,0,0,9.6421,0,7.0749,0,0,10.927,9.0471,6.9096,1.7795,5.8319,6.5462,12.118,7.1007,9.2681,0,0,7.5385,3.053,11.561,2.5524,7.665,5.9502,7.0486,1.7795,6.5833,0,4.9163,8.3956,0,0,3.053,2.5524,1.7795,0,0,0,0,6.6195,0,6.345,0,10.295,0,1.7795,9.6812,3.4239,0,0,0,1.7795,3.053,6.3012,0,0,0,2.5524,7.9326,0,10.699,0,8.4865,0,5.7689,7.0486,0,6.9668,0,8.2986,0,0,1.7795,5.7031,6.3012,3.4239,8.951,0,5.3194,0,7.5385,0,9.9637,7.8888,0,0,2.5524,7.2465,0,1.7795,0,0,0,4.6628,0,7.5195,0,3.7187,0,0,1.7795,0,0,0,1.7795,0,0,0,3.4239,5.4853,0,9.5039,3.9633,0,0,7.2465,5.9502,9.6939,0,0,4.7951,0,0,1.7795,0,3.7187,0,0,4.9163,0,0,1.7795,2.5524,0,3.7187,0,0,3.7187,6.8499,0,0,0,0,0,3.053,5.7689,5.9502,0,0,0,0,5.4853,0,0,4.5171,0,0,0,8.3425,0,0,0,0,3.053,0,4.5171,0,0,8.0027,1.7795,0,1.7795,0,3.053,0,7.0219,0,0,3.7187,0,4.3551,9.9916,0,11.723,11.251,0,8.7699,0,3.4239,0,0,2.5524,0,0,5.3194,4.3551,0,0,7.9469,0,0,0,0,0,3.053,0,0,0,0,0,1.7795,0,1.7795,0,0,0,0,1.7795
Wood24,18.932,0,2.9303,0,4.3832,14.949,11.142,9.8988,8.5891,0,0,0,0,0,5.5655,14.993,0,9.4299,10.549,3.8324,10.042,0,10.516,9.4019,0,9.2056,8.6617,4.7808,0,0,4.3832,0,0,8.3465,0,0,8.9591,0,6.5502,0,2.9303,5.7544,0,0,0,5.5655,6.8276,6.0709,0,0,0,0,0,0,10.095,0,0,7.5929,0,0,0,6.3304,0,5.9213,7.13,4.3832,0,3.8324,4.7808,0,0,6.0709,7.0602,0,4.3832,0,0,0,5.9213,0,0,0,3.8324,0,0,0,0,0,2.9303,0,5.3482,2.9303,0,0,2.9303,5.5655,6.9867,0,0,0,0,0,0,0,8.3169,0,5.7544,0,0,0,0,4.7808,0,5.5655,0,0,0,8.7081,0,3.8324,0,0,0,0,0,6.7409,0,0,0,8.5891,0,0,0,0,0,0,0,0,0,0,4.7808,0,0,0,3.8324,4.3832,0,4.7808,0,0,0,0,0,0,0,0,0,0,4.7808,0,5.9213,8.2557,0,0,8.2557,4.3832,0,0,0,0,0,0,0,0,0,0,0,4.3832,0,0,0,0,0,4.3832,4.3832,0,0,0,0,0,0,0,0,0,0,0,2.9303,0,0,0,0,0,0,2.9303,3.8324,0,7.4362,0,0,0,0,5.7544,0,0,0,0,0,0,0,2.9303,0,0,4.3832,6.0709,0,0,0,0,0,2.9303,0,0,0,8.3756,5.7544,0,5.0922,0,2.9303,0,0,7.3799,0,0,0,0,0,0,0,0,0,4.3832,0,0,0,0,2.9303
Wood42,13.939,0,3.9933,6.9117,0,11.455,14.702,14.898,12.935,4.9472,2.2422,8.1715,0,14.223,0,12.715,0,14.959,13.565,6.5007,11.81,0,4.297,7.5513,3.9933,11.81,11.204,12.478,3.6081,11.54,2.2422,6.6688,0,11.47,0,0,5.6296,0,9.8022,2.2422,0,11.808,0,0,0,10.765,4.5477,10.302,0,0,8.7233,0,5.9237,3.6081,3.6081,9.1118,0,2.2422,0,0,0,7.928,2.2422,8.5036,4.7613,3.6081,0,4.5477,0,0,0,5.112,8.6176,0,4.5477,0,0,0,6.8194,0,3.0811,0,3.0811,0,7.3012,6.5007,2.2422,0,5.3939,7.7889,4.7613,9.4175,4.7613,4.7613,7.928,0,4.7613,4.5477,0,0,0,7.04,7.5513,7.8831,7.7643,0,0,3.9933,6.0909,0,0,4.297,0,4.5477,7.9499,2.2422,0,3.6081,0,3.0811,0,0,0,0,0,6.9117,2.2422,3.0811,0,3.0811,0,0,0,10.515,4.7613,9.224,3.6081,5.112,0,0,3.6081,0,0,0,6.2408,0,0,0,4.9472,0,0,3.0811,3.9933,0,7.2666,0,0,0,3.0811,5.8321,0,3.0811,0,10.42,6.8194,2.2422,6.1678,0,0,0,4.297,5.6296,0,2.2422,0,0,0,4.297,0,0,5.112,0,2.2422,2.2422,0,0,0,0,3.0811,0,0,4.9472,8.1527,6.6149,0,4.7613,3.0811,0,0,0,0,2.2422,2.2422,0,5.2598,0,8.8686,4.297,5.8321,0,3.0811,0,0,0,6.7709,3.0811,0,0,13.757,3.0811,0,7.5797,8.0948,10.875,0,5.9237,3.0811,0,0,0,3.0811,0,0,0,9.8379,0,8.2084,2.2422,3.9933,0,7.1196,6.8194,0,0,0,0,0,0,0,0,6.1678,4.5477,0,0,0,0,0
Wood30,17.54,9.4102,0,4.9789,4.9789,8.58,14.588,14.562,10.246,0,0,11.33,0,6.1231,0,11.803,0,13.548,10.409,7.9825,10.944,0,0,0,3.11,8.2945,9.3939,5.2916,0,12.321,0,6.7532,0,4.579,0,0,5.2916,4.9789,4.579,4.9789,3.11,10.401,0,0,0,12.937,4.0239,0,0,0,7.2637,7.7465,0,0,4.579,9.344,0,7.3337,0,0,0,6.533,0,5.2916,0,4.9789,0,0,0,0,0,0,6.9441,4.0239,0,0,5.9558,0,5.2916,0,0,0,7.8455,0,9.7542,0,0,3.11,0,9.5636,4.0239,6.6473,0,0,0,0,0,0,0,0,0,0,0,9.6066,5.5485,0,7.1902,0,5.5485,0,0,0,6.2731,0,7.3337,0,0,0,0,0,0,0,0,4.579,0,0,0,0,0,3.11,3.11,0,0,0,0,3.11,0,0,0,0,0,0,0,0,5.7665,0,0,0,0,0,0,0,8.4284,0,0,0,0,0,0,0,0,3.11,0,0,0,0,0,0,4.579,0,0,5.2916,0,0,3.11,0,0,5.9558,0,0,0,0,0,0,0,0,0,0,0,0,0,3.11,8.491,3.11,0,3.11,0,0,0,0,4.0239,0,0,3.11,0,3.11,0,0,4.579,0,0,0,0,0,0,0,0,0,9.4102,8.1075,0,3.11,7.2637,10.473,0,0,0,0,0,0,0,4.9789,0,0,6.8518,0,7.1902,0,4.0239,0,5.2916,0,0,0,0,0,0,0,0,0,0,0,0,0,0,0,0
Wood17,9.5275,0,17.42,2.1571,2.1571,10.45,11.239,11.959,5.4102,0,6.1335,8.7132,0,6.2691,3.5085,13.3,0,3.5085,10.677,0,7.1931,0,0,8.3032,9.6568,12.034,9.6995,12.278,4.6566,2.9856,0,0,0,0,2.9856,2.9856,10.717,0,9.6319,0,0,9.7114,0,0,0,2.9856,2.1571,5.2877,0,0,8.5091,0,2.1571,0,10.256,3.5085,0,9.2279,0,0,0,6.2691,5.7253,7.0869,3.8915,6.2029,0,7.1931,0,2.9856,0,6.0606,8.64,2.1571,9.9622,0,0,0,8.4389,0,2.1571,0,3.5085,0,3.5085,4.4437,0,4.4437,0,0,5.1539,6.5072,0,0,0,0,2.9856,6.2029,0,0,0,5.2877,7.2597,3.8915,6.5072,9.7055,4.6566,2.9856,0,0,6.613,0,5.9838,6.932,7.0115,0,0,10.396,0,3.5085,2.1571,0,2.1571,0,0,8.0059,0,0,0,7.3543,9.1244,0,0,0,0,2.9856,0,0,0,0,0,0,0,0,3.5085,0,0,4.6566,4.6566,0,0,0,0,0,3.5085,9.2445,0,0,5.8167,9.285,0,5.7253,2.9856,0,5.8167,0,0,0,7.5534,0,6.7116,0,0,4.1939,0,0,0,7.7974,0,0,0,0,0,4.1939,3.5085,3.8915,0,0,0,0,0,0,0,2.9856,0,0,0,0,0,0,0,0,6.4513,0,2.9856,0,0,2.9856,2.9856,0,2.9856,6.3931,0,0,2.1571,0,0,5.1539,0,10.489,0,0,5.1539,7.5798,0,0,0,0,0,11.236,0,4.1939,0,4.6566,11.263,0,7.1232,9.8531,0,4.6566,8.0252,10.743,0,0,0,0,0,0,0,0,0,0,0,0,0,0,0
Wood12,16.048,0,15.793,15.32,5.1858,4.2249,12.766,11.1,4.2249,4.2249,8.3978,10.255,0,9.0064,3.3001,9.5904,0,0,9.079,0,12.468,0,8.8492,0,0,6.6198,10.005,4.2249,0,4.7839,3.3001,0,0,5.4998,15.282,0,12.291,0,7.1558,0,0,9.5051,0,3.3001,0,0,3.3001,0,0,0,8.3201,0,3.3001,0,6.7441,6.9646,0,6.1658,0,0,0,6.3335,0,7.1558,0,0,0,0,0,0,0,8.0092,0,4.7839,0,0,0,0,8.0579,0,9.1705,0,6.4837,0,5.7575,0,0,0,0,0,9.2976,4.2249,0,0,0,0,4.7839,6.7441,3.3001,0,0,7.0633,0,6.1658,5.4998,0,0,0,0,0,0,0,5.4998,3.3001,4.2249,0,0,0,0,0,0,0,4.7839,0,0,4.2249,0,0,0,0,3.3001,0,0,0,0,0,6.3335,0,0,0,0,0,0,0,0,0,0,0,7.2426,0,0,0,0,0,5.7575,0,0,0,0,0,4.2249,0,0,0,5.9761,0,0,0,0,0,0,0,0,7.2426,0,0,3.3001,4.7839,0,0,0,0,0,0,0,5.7575,0,0,0,0,0,0,0,0,0,0,0,0,0,0,0,0,0,0,0,0,0,0,0,0,3.3001,0,0,0,3.3001,0,0,5.1858,0,7.6762,0,0,0,0,0,0,0,0,0,0,0,8.3978,0,0,3.3001,0,0,8.3595,0,0,5.1858,0,0,0,0,0,0,0,0,0,0,4.2249,0,0,0,0,0
Wood51,7.9223,0,0,11.502,0,10.41,15.389,11.342,7.9223,0,0,0,0,11.702,0,7.8539,0,13.746,12.497,0,10.343,3.6131,7.5422,0,0,8.11,9.0926,0,0,7.4055,0,7.585,0,11.409,0,8.6834,3.6131,6.3156,8.377,0,0,9.6416,0,0,0,10.605,6.3156,9.8753,0,0,4.8624,3.6131,0,0,7.0247,9.2067,0,6.5925,0,0,0,2.7264,0,8.6635,0,5.9726,0,0,2.7264,0,0,0,7.4981,0,0,0,4.1582,3.6131,5.6882,0,0,0,0,0,5.1172,0,0,0,0,6.6742,0,4.5529,0,0,0,3.6131,4.1582,6.506,0,0,0,0,2.7264,5.1172,3.6131,0,6.2101,0,0,0,0,0,2.7264,6.3156,0,0,0,9.411,0,0,0,0,0,2.7264,0,5.1172,0,0,0,0,6.3156,0,0,0,0,0,0,0,0,0,0,0,0,0,2.7264,9.193,0,3.6131,0,8.4714,0,0,0,0,2.7264,0,0,0,0,0,0,3.6131,0,0,0,0,0,0,5.8374,0,3.6131,0,0,0,0,0,0,0,0,0,0,0,0,2.7264,0,0,0,0,0,0,0,0,4.1582,0,0,0,0,0,0,0,0,0,0,2.7264,0,0,0,0,4.1582,0,0,0,0,0,0,0,0,4.1582,9.1365,7.0857,0,2.7264,9.4921,11.03,0,5.1172,0,0,0,3.6131,0,13.318,0,2.7264,11.262,0,8.2497,0,0,0,0,9.7491,0,0,0,0,0,0,0,0,0,0,0,0,0,0,0
Wood26,13.205,0,19.26,0,0,7.4714,7.9715,5.9026,3.9732,0,0,6.8905,0,0,6.4795,3.9732,0,0,3.9732,0,5.4956,0,4.9266,0,0,12.117,9.3069,4.9266,0,5.4956,0,4.9266,0,0,0,0,11.108,0,10.183,0,0,4.9266,0,8.2051,0,0,8.3422,0,0,0,6.2197,0,0,0,6.6996,0,0,0,0,0,0,9.404,0,6.4795,10.339,7.7917,0,0,0,0,0,0,0,0,8.3422,0,0,0,0,0,0,0,0,3.9732,0,0,0,3.9732,0,0,8.0537,6.8905,0,3.9732,0,0,0,3.9732,0,0,0,11.867,9.1662,0,0,0,3.9732,0,0,0,0,0,0,0,8.1314,0,0,4.9266,0,8.0537,0,0,6.4795,0,0,3.9732,0,0,0,0,0,5.4956,0,0,0,0,7.8844,0,0,0,0,0,0,0,0,0,0,0,6.4795,0,0,0,0,0,4.9266,0,0,0,4.9266,0,0,4.9266,3.9732,0,0,0,0,6.2197,0,0,4.9266,0,0,0,0,0,0,10.621,0,0,0,0,0,0,0,0,0,0,0,11.029,0,0,0,0,0,0,0,0,0,0,0,0,6.2197,0,0,0,0,0,0,0,0,3.9732,0,0,0,0,0,0,3.9732,0,3.9732,0,3.9732,0,0,0,0,0,0,0,0,5.4956,0,6.2197,0,0,0,11.68,0,0,10.762,0,0,0,0,0,0,0,0,0,0,0,0,0,0,0,0
Wood43,13.631,0,8.5593,5.3435,0,12.984,12.616,12.169,10.84,0,0,15.165,0,0,0,12.153,0,16.064,9.2872,4.9403,12.178,0,9.9529,7.4856,0,8.2665,7.9572,13.302,0,0,0,8.441,0,0,0,0,6.3257,5.6584,8.7703,0,0,0,0,0,0,11.8,0,8.3564,0,0,8.521,0,7.8375,0,9.6132,0,0,9.9529,0,0,0,0,8.521,8.521,3.4464,0,0,3.4464,0,0,0,0,10.855,0,3.4464,0,0,3.4464,3.4464,9.7355,0,0,5.9166,0,0,0,0,0,0,0,3.4464,0,0,0,3.4464,3.4464,0,3.4464,0,0,0,0,0,0,0,0,3.4464,0,0,0,0,0,3.4464,5.6584,8.3121,0,0,6.9046,0,0,0,0,0,0,0,6.644,0,4.3786,0,3.4464,0,0,0,0,4.3786,0,0,0,0,0,0,0,0,0,4.9403,0,0,3.4464,0,0,0,0,0,0,4.9403,3.4464,0,0,0,0,0,6.3257,0,0,3.4464,6.4936,0,0,0,0,0,0,0,0,5.3435,0,0,4.3786,0,0,0,0,0,3.4464,0,0,0,0,0,0,0,0,7.3167,3.4464,0,0,0,0,0,0,0,0,0,4.9403,4.3786,4.3786,6.4936,4.3786,0,0,0,0,0,0,0,0,0,4.9403,0,0,3.4464,5.9166,3.4464,6.4936,0,0,0,0,0,0,0,7.2241,0,3.4464,9.5948,0,6.4936,7.7068,0,0,0,6.3257,0,0,0,0,0,0,0,0,0,0,0,0,0,0,0
Wood37,8.1878,5.4507,9.8607,3.255,2.7437,9.8113,8.5031,5.5418,8.7136,0,3.6318,7.2206,2.7437,0,1.9445,15.129,0,7.4495,4.1774,5.3535,5.0152,0,10.878,14.522,0,10.13,9.1568,0,1.9445,8.6226,0,2.7437,0,4.8822,0,0,6.3858,8.27,8.3223,0,0,9.1055,0,0,0,3.255,6.6541,1.9445,0,0,8.5477,5.5418,7.8565,4.5724,7.045,0,1.9445,8.9058,0,0,0,8.6839,0,6.5262,9.113,6.7716,0,7.8565,0,0,0,6.4341,7.4258,0,3.255,0,2.7437,7.5625,6.1744,0,1.9445,0,4.7356,0,8.4095,0,8.4571,4.8822,0,0,0,6.8803,2.7437,0,0,0,7.6673,5.9927,0,4.7356,0,0,8.3851,3.6318,0,3.9303,3.6318,0,0,0,0,9.2543,8.2566,4.7356,6.1164,1.9445,0,0,0,3.6318,0,0,6.4341,0,0,6.845,4.7356,0,0,1.9445,0,0,0,0,3.255,0,3.6318,0,0,0,5.9267,0,4.3884,9.7553,5.0152,0,0,4.5724,3.255,0,0,2.7437,0,0,0,0,0,0,3.255,0,0,6.1744,0,0,8.9058,0,0,4.3884,4.8822,0,5.9927,0,0,6.4809,0,0,0,2.7437,0,0,0,0,6.7716,6.3858,0,3.6318,0,0,0,2.7437,0,0,0,1.9445,0,2.7437,5.6274,0,0,0,0,2.7437,3.6318,8.4571,6.1164,0,4.3884,0,5.9927,0,0,0,0,0,2.7437,0,0,1.9445,3.255,0,0,0,5.2493,7.5625,1.9445,5.8575,0,3.6318,0,0,0,0,0,6.845,6.6944,11.398,5.3535,7.8206,4.1774,0,7.8206,4.7356,0,0,0,0,0,0,0,5.5418,0,6.9814,0,0,0,0,5.0152
Wood44,4.7808,3.8324,13.623,2.1081,9.1974,14.524,11.094,0,4.9449,2.1081,0,2.1081,0,0,9.5495,0,0,0,0,0,6.8691,0,9.1974,0,0,10.208,6.2065,7.351,2.1081,0,7.5166,0,4.1339,0,2.9303,0,0,0,8.6015,6.9094,0,4.9449,0,0,0,2.1081,6.6956,2.1081,0,0,0,0,7.0239,8.0726,7.4635,0,11.532,0,0,0,0,3.8324,0,2.9303,0,0,2.1081,0,0,0,10.583,0,4.3832,4.5957,0,11.122,0,0,0,0,4.7808,8.0547,5.461,0,6.8276,0,7.6174,0,0,6.3304,6.7849,0,0,0,0,0,0,0,0,0,10.878,0,0,5.3482,0,0,0,0,0,0,0,0,4.5957,0,0,0,0,0,0,0,7.7342,0,6.6003,0,0,0,0,0,0,2.1081,4.9449,0,0,0,6.3304,0,6.0709,2.1081,0,0,0,0,0,0,0,3.4507,0,0,8.1753,0,0,0,0,0,0,0,0,0,0,0,0,8.0902,0,0,0,0,7.0239,0,2.1081,0,0,0,0,0,0,0,0,0,0,0,0,0,0,0,0,0,0,0,0,0,0,0,0,0,0,2.9303,0,0,0,0,0,0,0,0,0,0,0,0,0,8.93,2.1081,0,0,0,0,0,0,0,0,0,0,0,7.7564,0,13.058,0,0,0,0,4.1339,0,0,10.685,7.351,0,0,0,0,8.8903,9.1974,0,0,0,0,0,0,0,9.0876,5.9981,9.0063,0,0,0,4.5957,0,0,0
Wood10,9.5447,0,12.297,7.9184,0,15.39,8.6211,12.514,3.4464,2.9261,0,14.213,0,3.828,0,9.817,0,0,3.4464,0,13.21,0,5.6584,5.4563,0,8.935,8.2509,6.3257,3.4464,13.504,13.137,4.7762,0,11.227,0,0,7.4314,0,6.5455,0,0,10.735,0,12.21,0,0,6.4398,8.0319,12.382,7.6838,0,0,4.7762,0,7.5881,8.4948,6.0662,2.9261,0,4.7762,0,7.5119,0,2.9261,0,7.2241,0,8.05,7.1919,0,0,2.1044,5.8356,0,9.4594,0,0,0,11.158,0,9.7795,4.5911,7.7736,0,9.4795,8.7034,7.7517,0,2.9261,0,0,3.4464,3.4464,2.1044,0,0,0,2.9261,4.5911,4.1294,2.1044,6.8643,0,3.4464,11.137,0,0,0,0,0,0,0,2.1044,6.2651,0,0,10.883,3.4464,9.6433,0,0,0,6.0662,0,0,5.3435,0,0,0,0,0,0,0,0,5.9934,0,0,8.4815,0,0,5.8356,0,0,0,0,3.4464,4.9403,4.1294,0,0,0,0,0,8.6331,7.0554,0,3.828,10.15,7.2865,2.1044,3.4464,3.4464,0,0,6.2018,0,2.9261,0,0,0,4.5911,2.1044,0,2.1044,0,0,0,5.6584,0,0,5.0876,0,0,4.5911,9.4112,2.1044,0,0,0,0,0,0,0,4.5911,0,2.1044,0,0,8.0678,0,0,0,0,0,3.4464,0,0,2.1044,0,0,3.4464,0,0,0,2.1044,6.8643,0,2.1044,8.8238,5.5609,7.938,0,4.9403,0,0,0,10.424,3.828,0,2.1044,2.1044,10.382,0,7.0554,0,0,0,5.8356,0,0,2.9261,6.982,0,0,0,0,0,0,0,0,0,0,2.1044,0,0,0,4.9403
Wood28,9.003,9.9811,5.1217,4.6527,0,8.702,15.507,13.513,12.164,16.864,0,0,6.3772,13.133,3.9535,6.3772,5.6238,0,9.4443,0,9.1936,0,0,9.4343,0,5.8819,11.684,0,2.5437,4.3451,2.5437,9.414,0,11.061,0,11.833,3.9535,8.5051,3.4144,0,0,4.3451,0,0,0,0,0,8.0591,2.5437,0,5.7586,2.5437,6.5359,3.4144,8.0327,9.7416,0,8.1842,2.5437,8.0327,0,7.6017,0,8.0591,4.9062,6.7452,0,6.2908,7.4505,0,2.5437,3.4144,5.8819,2.5437,3.4144,0,0,0,4.9062,0,6.8696,0,3.9535,0,0,7.7055,0,3.4144,0,5.9955,0,8.3851,0,0,0,0,0,3.4144,0,2.5437,0,7.5281,0,3.9535,0,3.9535,4.9062,0,3.4144,0,0,4.6527,3.9535,3.4144,0,0,0,0,0,0,2.5437,0,5.1217,0,0,3.9535,0,0,0,0,6.6091,0,0,0,7.5653,0,0,0,0,0,0,0,0,0,0,7.9785,0,3.9535,4.6527,0,0,0,0,0,4.3451,2.5437,0,0,0,0,0,6.199,0,0,6.5359,0,0,0,0,0,0,7.3257,0,0,0,0,0,2.5437,0,0,0,0,0,0,0,2.5437,0,0,9.7497,0,0,0,0,3.4144,0,0,4.6527,0,0,0,0,0,7.2361,4.3451,5.8819,0,0,0,5.1217,0,0,3.4144,0,0,3.4144,7.1891,0,2.5437,9.6051,3.9535,5.9955,7.4505,6.8088,6.928,2.5437,0,0,6.2908,0,2.5437,15.307,0,3.4144,7.6017,0,0,7.2361,0,0,0,0,0,0,0,0,0,0,0,0,2.5437,0,0,0,0,0,0,5.3092
Wood19,8.8767,0,10.85,4.4342,0,13.506,14.362,13.561,16.469,0,4.0412,8.7443,0,2.6217,0,8.7786,0,12.087,9.4233,0,7.5436,0,7.2821,0,0,7.5031,9.8104,7.7302,4.4342,9.2989,2.6217,2.6217,0,9.6061,2.6217,10.72,4.0412,0,4.7427,0,0,11.05,0,0,0,8.9981,0,4.9967,0,0,0,0,12.18,6.9624,9.7426,3.4994,0,11.007,0,4.9967,0,6.4697,0,7.5829,0,4.9967,0,3.4994,3.4994,0,0,0,8.6363,0,4.0412,0,0,0,7.4615,10.906,2.6217,0,0,0,0,0,0,4.0412,2.6217,8.812,0,6.2913,0,4.4342,4.4342,11.138,0,4.4342,0,0,0,5.7155,4.0412,2.6217,7.6211,0,0,0,0,0,0,0,0,5.2127,9.8593,0,0,0,0,0,0,0,0,4.7427,0,2.6217,0,6.9624,0,0,0,0,0,0,0,0,0,0,0,0,0,0,5.4004,0,2.6217,0,0,6.9016,7.1311,4.7427,0,0,0,0,5.5666,0,0,0,0,0,0,0,0,0,0,7.5031,0,0,0,0,6.3833,0,10.047,4.4342,0,0,4.9967,5.7155,0,0,0,0,0,3.4994,4.7427,2.6217,0,0,0,0,0,7.6584,0,0,0,0,0,0,3.4994,0,0,0,7.4615,2.6217,0,4.0412,0,0,5.2127,0,0,0,0,0,0,2.6217,0,6.3833,0,7.9567,0,3.4994,5.4004,9.9143,0,7.0209,0,4.4342,0,0,0,5.974,3.4994,4.9967,9.5869,0,11.977,0,2.6217,0,0,0,0,0,0,10.231,0,0,0,0,0,0,0,0,0,0,0
Wood34,5.2441,4.7458,16.89,4.2817,0,3.067,11.821,11.619,4.5323,0,0,3.9782,2.2296,2.2296,2.2296,9.8795,0,9.3205,6.7049,0,8.0984,3.9782,13.152,0,6.152,10.256,10.767,11.16,3.5934,2.2296,2.2296,0,0,0,0,0,10.307,8.931,10.711,0,0,8.6152,0,3.5934,0,0,3.5934,7.319,0,0,6.2945,0,0,0,9.647,0,0,6.9826,0,0,7.5063,5.8164,0,6.7049,8.427,5.5008,0,7.2507,0,0,0,7.1036,6.4241,0,0,0,5.2441,0,7.4157,0,3.067,0,6.2945,0,5.9939,3.5934,5.0964,8.6016,0,4.2817,3.067,0,0,11.259,0,0,7.9555,4.5323,0,0,0,2.2296,8.1555,6.755,0,10.104,9.1623,0,0,0,0,0,3.067,7.6721,4.5323,0,2.2296,0,0,5.0964,0,0,0,4.2817,0,3.067,10.458,7.2153,0,6.9398,7.2153,0,3.5934,0,7.024,0,0,0,0,0,0,0,0,2.2296,4.9317,4.5323,0,3.5934,3.9782,9.2868,0,9.6066,0,9.0157,4.7458,3.067,0,0,3.067,0,0,7.9978,0,0,0,0,0,5.3782,6.4848,0,7.7729,0,0,3.9782,5.9939,0,0,4.7458,0,0,0,0,0,0,0,0,0,0,0,0,0,0,0,0,0,0,4.5323,0,0,0,0,0,3.5934,5.0964,2.2296,0,0,0,0,0,2.2296,0,3.9782,0,6.9398,0,0,6.225,0,4.5323,0,0,2.2296,7.8897,0,0,0,0,0,3.5934,0,8.1555,0,5.9079,9.261,0,7.5063,5.2441,0,0,4.5323,9.0157,0,9.7618,0,0,0,0,2.2296,3.067,0,3.067,0,0,0,9.026,0
Wood52,7.1056,0,15.891,6.1561,0,6.233,11.341,12.67,5.3242,4.0553,0,13.791,0,2.2946,0,14.045,0,12.375,0,3.1396,5.8971,6.0748,0,9.108,3.6689,10.589,11.714,0,5.1762,5.0112,0,2.2946,0,0,0,2.2946,5.5812,0,9.7488,0,0,10.234,0,0,0,0,0,10.831,0,0,11.418,12.816,2.2946,3.1396,11.166,0,0,7.8301,0,0,0,9.3079,12.145,6.6804,4.3597,8.2742,4.611,0,0,0,0,7.588,10.459,0,7.1852,0,0,4.825,5.4584,0,6.3756,0,4.0553,0,2.2946,3.6689,0,4.0553,3.1396,3.1396,5.4584,0,7.2969,0,2.2946,9.5069,11.701,0,0,0,0,0,10.324,3.1396,7.8051,0,5.0112,2.2946,0,0,12.075,5.7993,5.7993,2.2946,0,0,0,4.611,0,7.4336,0,0,0,9.013,0,8.413,0,0,0,10.451,0,2.2946,8.7764,0,4.3597,0,2.2946,0,0,0,0,0,0,3.1396,8.3963,0,0,0,3.1396,0,0,0,3.6689,0,0,4.3597,0,0,6.1561,0,0,0,0,0,7.7538,8.3278,6.3061,0,4.3597,0,4.825,4.825,0,5.0112,0,0,0,3.1396,0,0,0,0,6.3756,3.6689,0,0,0,0,2.2946,0,0,0,0,3.1396,0,0,2.2946,0,0,0,0,8.6698,0,0,6.0748,0,0,2.2946,7.6454,0,8.2742,0,6.5053,0,0,3.1396,0,5.3242,0,5.5812,0,3.1396,5.5812,2.2946,0,0,0,2.2946,0,2.2946,0,2.2946,0,0,7.3669,0,7.0641,9.9039,0,0,0,0,0,8.4617,8.0158,0,0,0,0,0,0,6.8849,0,0,0,0,2.2946
Wood3,7.2003,0,4.369,0,16.974,13.344,6.2101,10.808,3.6131,0,0,0,0,12,11.693,10.286,0,5.4308,3.2368,0,8.1533,0,12.235,7.1441,0,6.9282,9.6517,3.2368,1.9294,3.2368,6.2101,0,2.7264,3.2368,0,0,7.8362,0,5.9726,0,0,5.7648,0,0,0,0,8.2891,9.5741,8.8062,0,11.367,0,2.7264,5.2295,7.2544,6.3156,0,3.2368,0,1.9294,11.909,11.196,0,6.0963,8.5813,7.8003,0,7.5422,3.2368,0,3.9112,6.1543,4.5529,0,8.4367,0,2.7264,2.7264,6.8601,0,8.3148,5.2295,5.9726,0,0,0,0,0,0,0,7.8184,0,0,0,0,0,0,4.369,0,5.1172,3.2368,1.9294,0,6.506,0,1.9294,0,0,6.1543,0,0,0,2.7264,3.6131,0,1.9294,0,1.9294,4.1582,5.1172,10.422,0,7.6671,0,0,6.9282,0,0,0,1.9294,0,0,0,0,6.0358,0,3.2368,0,9.7771,0,0,0,9.7397,0,0,0,0,3.2368,5.1172,0,0,0,0,0,4.369,0,0,0,0,0,0,0,0,0,3.9112,0,0,4.1582,0,0,3.6131,4.369,0,3.6131,4.7159,0,7.9055,5.2295,9.172,0,0,0,8.139,0,0,0,9.0007,0,1.9294,0,0,0,0,0,0,3.2368,4.7159,0,0,0,0,3.2368,0,0,3.9112,0,0,3.2368,0,0,0,0,3.9112,0,7.4055,0,0,0,10.061,5.9726,0,0,1.9294,9.6056,0,0,2.7264,0,0,1.9294,0,1.9294,0,6.7133,5.7648,0,7.3569,6.8248,7.8539,9.3315,1.9294,0,0,0,0,0,0,0,6.9611,6.7514,0,0,0,0,0,0,6.2101
Wood36,6.7247,5.2889,3.3956,19.033,0,3.3956,7.6511,11.87,8.012,3.3956,4.8861,3.3956,0,0,0,5.8615,0,3.3956,4.3254,0,10.308,0,6.2704,3.3956,0,11.976,8.8397,3.3956,0,0,7.6511,0,0,6.4382,3.3956,0,12.507,0,7.1685,0,0,5.2889,0,7.8428,0,0,8.3005,6.4382,0,0,4.3254,0,7.0697,5.2889,7.4299,0,3.3956,4.3254,0,0,0,7.7178,0,4.8861,7.7817,8.3851,0,5.8615,0,0,5.6034,10.207,0,5.2889,5.6034,3.3956,0,0,10.308,4.3254,8.2106,5.6034,0,0,0,0,7.7817,5.8615,0,0,0,0,0,0,0,0,3.3956,0,0,0,0,5.8615,0,6.0804,0,0,0,0,3.3956,0,0,0,0,6.9636,0,0,0,0,6.9636,0,4.3254,0,7.7178,0,0,0,0,0,3.3956,3.3956,0,3.3956,0,0,3.3956,0,3.3956,10.556,3.3956,0,0,0,0,0,0,0,0,0,0,0,0,0,0,0,5.2889,0,0,0,8.6475,0,0,0,0,0,0,0,0,5.6034,0,0,7.0697,0,0,4.3254,0,0,0,0,0,0,0,0,0,3.3956,4.3254,0,0,0,4.3254,0,0,0,0,0,0,7.7178,0,0,0,0,0,0,0,0,0,0,3.3956,4.8861,0,0,5.8615,0,0,0,0,4.8861,0,5.2889,0,6.4382,0,0,0,3.3956,0,0,0,4.3254,10.351,0,4.3254,0,0,8.8693,0,0,0,0,7.0697,7.261,0,0,0,0,0,0,0,0,7.3479,5.2889,0,0,0,0,0,0,5.2889
Wood22,6.0515,0,0,3.466,0,12.87,15.077,11.03,8.7754,0,0,0,0,2.591,0,7.9497,0,0,4.0068,16.377,7.7951,0,0,0,0,0,2.591,0,0,9.274,0,4.9612,0,0,0,0,5.177,2.591,0,3.466,13.787,9.5406,13.597,0,0,6.8652,0,6.4334,0,2.591,0,0,4.7074,0,10.62,0,0,5.8145,0,0,0,4.0068,0,5.9379,0,0,0,7.507,0,0,0,4.9612,10.176,0,0,5.5306,0,7.5846,7.3822,0,0,0,2.591,0,0,0,0,0,4.0068,0,9.0324,8.5809,0,0,0,7.2926,4.0068,2.591,0,0,0,0,0,10.085,0,0,0,0,0,0,0,0,0,5.3646,0,0,0,10.092,0,0,3.466,0,0,0,0,0,0,0,0,10.072,0,0,9.9888,0,0,0,0,0,0,0,11.412,0,0,0,6.926,10.423,0,6.7351,0,0,0,0,0,0,0,0,0,0,0,0,9.491,4.0068,0,0,0,7.7283,2.591,0,0,0,4.3992,0,0,6.0515,0,0,0,0,0,0,0,0,0,0,0,0,0,0,0,0,0,8.1416,0,0,0,0,0,0,0,0,0,0,0,0,0,9.1646,0,0,3.466,0,6.0515,0,0,0,0,0,0,5.9379,0,3.466,0,0,0,11.477,0,0,0,0,0,0,0,0,0,5.6795,4.7074,0,0,0,5.9379,0,0,0,0,0,0,0,0,3.466,7.7283,0,0,3.466,0,9.1646,6.9845,0,0
Wood40,5.406,2.8816,12.841,5.1712,3.3997,16.434,11.788,8.7513,4.8906,2.8816,0,13.094,0,0,0,9.9672,2.0651,7.173,0,0,9.8477,0,11.709,14.893,0,10.735,9.2808,6.2143,0,5.2934,0,4.3297,0,2.8816,0,2.8816,9.6155,4.3297,10.987,0,0,5.0377,0,7.1409,0,2.8816,9.4414,3.3997,0,0,7.4607,0,0,10.366,9.3944,0,0,9.1972,5.6992,5.0377,0,8.5938,0,6.8536,9.8376,7.7862,0,9.6272,0,0,0,8.1996,4.8906,6.7292,0,0,0,0,6.6399,8.152,6.2143,4.8906,0,0,3.3997,0,8.7406,7.6093,0,0,0,0,0,0,0,0,4.5418,4.7267,0,0,0,8.2306,7.8867,2.8816,5.5105,0,2.0651,3.3997,0,0,0,10.257,7.2354,6.0849,9.7173,0,0,0,0,3.3997,0,0,6.6399,0,0,8.9502,5.406,0,0,3.3997,0,9.7443,0,0,7.6556,3.3997,6.7719,0,2.8816,0,0,0,0,0,0,0,0,4.081,3.3997,2.8816,0,0,0,0,0,0,0,0,6.2749,0,0,3.3997,2.0651,0,8.533,0,3.3997,4.3297,2.8816,0,5.6992,6.151,0,6.3889,0,0,0,5.0377,0,0,0,0,0,5.866,0,3.3997,0,0,0,0,0,0,0,0,0,0,7.6782,0,0,0,0,5.6079,3.3997,0,0,0,2.8816,0,3.7802,0,0,4.081,0,0,0,0,0,0,0,0,0,0,7.906,0,0,0,0,0,0,2.8816,0,0,0,9.4012,2.0651,0,0,5.785,2.8816,0,0,0,0,0,0,0,0,0,0,0,0,4.8906,0,0,0,0,5.0377
Wood21,5.9826,5.0526,9.5752,5.4568,2.8949,16.565,8.1401,8.7631,8.5566,0,4.1833,3.5521,0,0,0,12.761,1.6535,5.9328,0,0,10.516,0,9.0929,9.6808,0,9.0643,8.981,4.0019,3.2606,10.862,0,2.4038,0,8.8053,0,0,9.2688,0,8.9184,0,0,8.9437,0,9.1042,0,0,9.8345,5.8277,4.1833,3.2606,8.0728,0,7.4673,0,9.4612,0,0,2.4038,8.3727,0,0,6.8951,0,4.4892,5.4568,9.4656,1.6535,9.0232,2.8949,0,0,7.9021,5.143,1.6535,7.1561,0,10.919,0,8.9437,5.8277,2.8949,0,5.3845,0,4.9562,0,0,9.9641,0,0,7.1343,10.449,0,2.8949,5.6541,3.2606,0,8.9184,0,0,0,6.6704,4.1833,0,2.4038,4.8528,0,0,3.2606,10.211,0,0,8.215,8.5972,0,9.9579,0,0,2.4038,4.1833,0,1.6535,6.6704,0,0,6.7005,0,0,9.534,6.5098,0,2.8949,0,0,0,5.3845,4.0019,0,8.1291,9.3182,1.6535,9.1485,0,1.6535,0,0,0,9.2178,0,0,0,2.4038,0,0,4.1833,2.4038,0,0,7.5189,0,5.143,4.7415,5.0526,0,5.7143,1.6535,0,8.4979,0,0,6.3291,2.4038,0,6.1662,0,0,6.2087,3.7945,0,0,0,0,0,5.3084,1.6535,0,0,0,4.7415,3.2606,0,0,0,4.8528,0,2.8949,0,0,6.4402,0,0,4.0019,0,3.2606,4.3444,0,0,6.4041,1.6535,0,2.8949,0,0,0,1.6535,4.3444,0,3.5521,0,2.8949,0,0,8.3727,7.3201,0,0,2.4038,8.8395,0,0,0,6.2901,0,10.576,4.1833,0,1.6535,5.8812,1.6535,0,4.0019,0,9.9072,0,0,0,8.8596,0,0,0,0,7.1121,0,0,0,0,1.6535
Wood31,6.7466,5.4447,14.162,0,0,3.0165,11.162,13.623,13.144,4.8762,0,0,0,0,3.0165,10.575,3.0165,0,8.7365,0,3.9245,0,0,10.008,16.535,0,6.7466,0,0,0,0,11.381,0,11.219,0,8.4451,0,11.763,5.1883,0,0,8.8954,0,0,0,0,0,3.0165,0,0,10.548,10.22,6.1684,0,8.0018,3.9245,0,7.6912,0,0,0,7.9613,0,7.0848,0,5.1883,0,3.0165,6.0186,0,0,0,7.4782,0,0,0,0,0,0,0,0,0,6.428,0,4.8762,9.3982,0,0,5.4447,0,3.0165,3.0165,10.799,0,0,0,4.4775,0,0,0,0,0,0,8.7123,8.9167,3.0165,4.4775,6.0186,8.4742,0,0,0,3.9245,0,0,0,0,0,0,0,0,0,3.0165,0,0,4.4775,0,0,0,4.4775,4.8762,0,0,0,3.9245,7.0848,0,0,0,0,0,0,0,0,5.4447,0,0,0,0,0,0,0,0,0,3.9245,0,3.0165,0,0,0,0,6.0186,0,0,4.4775,0,0,0,7.2949,7.2282,3.0165,0,0,3.9245,0,0,0,0,0,0,11.517,0,0,4.4775,0,0,0,0,0,0,0,0,0,6.1684,0,0,0,0,0,0,0,0,0,0,0,0,0,0,0,0,7.4782,0,0,0,6.7466,5.4447,0,5.1883,0,6.648,5.1883,0,0,10.027,0,10.194,0,4.4775,0,0,0,3.0165,3.0165,0,6.7466,0,4.8762,0,0,0,0,0,0,0,0,0,0,0,0,0,0,5.6624,0,0,0,0,3.0165
Wood45,6.3745,7.8487,5.0784,6.0569,19.376,10.621,5.649,11.235,6.0569,0,5.0784,6.8549,0,0,5.0784,8.2099,0,0,0,0,9.7916,0,10.303,4.1205,0,0,7.6273,0,4.1205,4.1205,0,0,17.424,10.495,0,0,8.1277,0,0,0,0,0,4.1205,8.4315,0,0,0,6.3745,0,0,0,0,6.8549,0,7.8487,0,4.1205,4.1205,0,4.1205,0,7.3657,0,0,5.649,6.0569,14.173,4.1205,5.0784,0,5.649,0,0,5.649,0,4.1205,0,0,0,0,4.1205,0,4.1205,0,0,5.0784,7.2147,0,0,0,4.1205,0,0,0,0,4.1205,0,0,0,4.1205,0,0,0,0,4.1205,0,0,0,7.046,0,0,0,4.1205,0,0,0,0,0,0,0,4.1205,0,7.3657,0,0,0,0,0,0,4.1205,0,0,0,0,0,7.046,5.649,5.0784,0,0,0,0,0,0,0,0,0,0,0,0,0,0,0,0,0,0,0,0,0,0,0,0,0,0,0,0,4.1205,0,0,0,0,0,0,5.649,0,0,0,0,0,0,0,0,0,4.1205,0,4.1205,0,0,0,0,0,4.1205,0,0,0,0,0,0,0,0,0,0,0,0,0,0,0,0,0,0,0,0,0,0,0,0,0,0,0,5.649,0,0,0,0,0,0,0,6.0569,6.0569,0,0,0,4.1205,6.0569,4.1205,0,0,5.0784,8.1277,5.0784,0,0,0,0,12.697,0,0,0,0,0,0,0,0,0,0,0,0
Wood39,4.4922,0,5.0556,0,0,14.579,8.856,4.4922,0,0,0,0,0,0,5.7751,3.5549,0,0,0,0,4.4922,0,10.887,0,0,5.4598,6.7619,0,0,0,3.5549,5.0556,0,0,0,0,4.4922,0,5.4598,14.862,0,5.4598,10.82,4.4922,0,0,5.0556,0,3.5549,0,12.506,0,5.0556,3.5549,6.8982,0,0,4.4922,0,0,0,7.604,0,0,8.518,6.253,0,8.7155,3.5549,0,12.145,0,3.5549,7.435,9.1017,11.536,3.5549,0,6.6114,0,6.253,5.0556,8.6397,0,0,0,7.3424,0,0,8.6397,9.7137,6.4433,0,0,3.5549,0,8.4308,8.6781,4.4922,3.5549,8.9841,3.5549,0,4.4922,0,7.435,0,0,0,0,0,4.4922,5.0556,9.5783,0,0,0,0,0,0,7.435,0,7.0227,0,0,0,0,0,0,0,0,5.0556,0,0,3.5549,0,6.253,0,0,0,0,0,0,0,0,3.5549,0,5.0556,0,0,0,4.4922,0,0,0,0,0,0,4.4922,0,0,0,0,0,0,0,10.37,0,0,0,4.4922,0,0,0,0,10.785,0,3.5549,0,0,0,0,0,3.5549,3.5549,5.0556,0,0,0,0,0,0,0,0,0,6.6114,0,0,0,0,3.5549,0,5.0556,0,0,0,0,0,5.0556,6.6114,0,10.749,0,0,0,0,0,0,0,0,0,0,4.4922,0,0,0,3.5549,6.0338,0,0,3.5549,0,14.079,7.604,0,0,0,0,12.325,0,0,0,0,0,0,0,0,9.184,8.518,5.4598,0,0,0,9.5371,0,0,7.2435
Wood27,5.5431,0,4.0187,4.7874,0,16.594,14.464,15.149,10.223,5.1383,0,0,0,11.018,0,11.687,0,9.9114,14.149,2.2637,12.825,0,6.1177,0,0,9.1291,10.816,2.2637,0,8.0409,0,13.988,0,10.436,3.1051,0,7.4271,5.4204,8.0199,2.2637,0,11.147,0,0,0,0,6.0365,5.9504,0,0,4.5737,0,7.9102,0,10.108,8.6719,0,4.0187,4.0187,6.4668,8.8369,8.4069,0,8.9072,5.4204,5.1383,0,3.1051,10.916,0,0,4.0187,6.8932,0,0,0,0,2.2637,7.2582,0,3.6331,0,0,0,7.0254,4.3228,0,0,0,8.3575,3.6331,4.5737,2.2637,0,4.3228,0,4.0187,0,0,0,0,7.4271,0,0,5.5431,0,7.1847,0,9.7677,0,0,0,4.9735,6.9387,6.8932,5.1383,0,5.2862,0,4.9735,0,0,0,3.1051,0,6.8932,0,0,0,2.2637,0,0,0,0,3.6331,2.2637,2.2637,0,4.5737,0,0,0,0,0,0,2.2637,0,5.1383,6.3371,0,0,0,0,0,4.7874,0,0,0,3.1051,0,0,5.9504,0,0,0,0,5.2862,2.2637,6.1946,0,3.6331,0,0,0,6.5276,0,0,5.4204,0,0,0,0,0,0,2.2637,3.1051,0,0,0,0,0,0,0,5.2862,0,0,0,0,0,0,0,0,0,3.6331,5.1383,0,5.6562,0,0,2.2637,0,4.5737,0,0,0,0,0,0,6.9827,7.9102,0,8.7504,8.1986,10.59,0,4.0187,0,3.1051,0,0,0,5.2862,0,6.1177,7.3949,0,7.2582,0,0,0,0,5.4204,0,0,0,0,0,0,0,0,9.6429,4.5737,0,0,0,0,2.2637
Wood16,4.8315,2.6992,5.9411,2.6992,2.6992,11.341,15.095,14.83,15.958,0,0,0,0,0,4.8315,9.8083,0,0,5.4904,0,3.5836,0,2.6992,0,0,9.1747,10.448,5.0861,5.4904,0,0,10.52,0,5.0861,0,15.644,3.5836,11.35,5.3024,0,0,5.4904,0,2.6992,0,4.8315,3.5836,8.7832,4.5222,0,4.5222,5.0861,4.8315,0,6.8628,0,0,9.133,0,4.1279,0,6.1785,0,9.4143,0,2.6992,0,6.5608,5.8059,0,0,0,8.8705,0,0,0,0,0,5.0861,0,0,0,3.5836,0,7.9872,7.2747,0,4.1279,0,0,0,0,6.7197,0,0,0,0,2.6992,0,0,0,0,0,10.812,2.6992,0,9.1045,11.456,10.614,0,0,0,0,5.0861,5.4904,0,0,0,0,0,7.1685,0,0,0,10.998,0,0,0,0,6.7197,0,0,0,0,2.6992,0,0,0,0,0,0,0,3.5836,2.6992,8.1356,7.5103,0,0,0,0,0,0,5.4904,0,7.5103,0,0,0,0,0,0,6.4743,0,0,3.5836,0,5.4904,4.1279,6.4743,10.998,0,0,0,3.5836,0,0,0,2.6992,0,0,7.5532,4.5222,0,2.6992,0,0,0,0,0,0,0,3.5836,0,5.9411,0,5.6568,0,0,0,0,0,0,0,0,0,0,9.7543,0,6.793,0,3.5836,0,2.6992,9.5367,2.6992,5.8059,0,7.0539,0,7.9872,3.5836,0,5.0861,7.9557,0,10.022,0,0,0,4.8315,0,10.758,4.1279,0,9.2417,0,4.1279,0,0,0,0,0,0,0,0,0,0,0,3.5836,4.1279,0,0,0,0,0,0,0
Wood33,6.4644,4.3814,3.6898,3.6898,0,7.1281,11.179,7.8527,15.339,8.6069,0,12.52,0,0,2.3127,11.868,2.3127,6.3285,7.9486,0,9.9672,15.497,0,3.1597,15.115,9.8666,9.6414,13.851,0,0,0,9.6976,0,11.23,3.1597,10.841,5.6034,0,6.5278,0,0,7.8023,0,9.0786,0,0,0,0,8.5922,0,8.6785,0,7.0439,11.487,7.6959,0,0,4.8469,0,6.3285,0,5.7166,0,7.1685,3.1597,7.3549,6.398,5.1983,3.1597,0,0,3.1597,0,5.1983,3.6898,0,0,3.1597,8.4683,0,2.3127,0,4.8469,12.831,6.011,3.6898,6.7029,5.0332,3.6898,6.859,5.1983,3.6898,7.3549,2.3127,0,0,0,7.9715,0,0,0,5.1983,0,5.6034,6.9544,0,6.3285,4.3814,7.4562,0,0,2.3127,4.6328,5.8216,4.3814,0,3.6898,0,0,6.3285,0,0,3.6898,3.1597,0,6.1785,0,6.7029,0,0,0,0,0,0,4.8469,0,4.6328,0,0,0,0,0,0,0,0,0,0,5.6034,4.8469,0,0,0,9.6556,3.1597,6.3285,0,0,0,2.3127,0,0,4.3814,0,0,7.0866,0,2.3127,6.3285,2.3127,0,7.4232,5.4806,3.6898,0,6.011,0,0,5.9194,0,9.4904,4.6328,2.3127,0,2.3127,2.3127,4.0766,0,0,6.9075,0,0,0,0,2.3127,0,0,0,0,0,0,7.0866,0,0,0,0,0,0,2.3127,0,0,0,0,0,0,0,2.3127,0,4.3814,4.8469,0,3.1597,2.3127,5.0332,6.5885,0,0,0,2.3127,0,0,12.454,8.0384,0,2.3127,3.6898,0,7.1281,3.1597,0,0,0,0,0,0,0,0,0,0,0,3.6898,0,2.3127,0,0,0,0,0
Wood11,6.5439,0,5.5593,20.165,0,4.0343,5.5593,10.404,4.0343,0,0,6.5439,0,0,0,0,0,0,4.0343,0,11.163,0,0,0,0,9.7265,7.6511,0,4.9896,0,6.7641,0,0,6.9551,0,0,5.9667,0,6.5439,0,0,0,0,0,0,4.0343,10.726,0,4.0343,0,0,0,5.5593,0,7.8565,0,0,0,0,4.9896,0,4.9896,0,4.0343,0,7.8565,0,0,4.0343,0,6.7641,7.4113,0,5.9667,0,0,0,0,0,0,5.9667,0,5.5593,0,0,8.1963,12.835,4.0343,5.9667,0,8.27,0,0,0,0,0,0,0,0,0,0,0,0,0,11.566,0,4.9896,0,0,0,0,0,0,0,0,0,0,0,0,0,0,0,9.1938,0,0,0,0,0,0,4.0343,0,0,0,0,6.7641,0,0,0,0,0,0,0,0,0,0,0,0,4.9896,0,0,0,0,0,0,0,0,0,0,10.686,0,0,4.9896,5.5593,0,0,0,0,0,7.4113,0,0,0,0,0,0,0,0,0,0,0,0,0,0,0,0,0,0,5.5593,0,0,0,0,0,4.9896,6.284,0,0,0,0,0,0,0,0,0,0,0,0,0,0,0,4.9896,0,0,0,0,7.7575,0,0,0,0,4.0343,4.0343,8.27,0,0,0,0,4.0343,0,0,0,4.0343,0,4.9896,0,0,0,0,0,0,0,0,0,0,0,0,0,0,0,0,0,0,0,0,0,0,0
Wood48,4.4201,0,8.7917,2.964,2.964,5.2636,10.698,12.802,4.6328,0,0,0,0,2.964,0,4.6328,0,0,7.9218,2.964,8.498,0,0,2.1379,0,9.1262,9.7103,12.21,7.1685,7.795,0,10.267,0,4.4201,2.1379,0,2.1379,11.867,5.8783,0,0,8.1973,0,0,13.211,5.386,0,6.5885,0,0,10.662,2.964,2.964,0,9.178,2.1379,2.1379,4.1705,0,6.1091,0,5.4988,0,7.3599,0,6.2447,0,5.2636,3.8684,0,0,3.486,8.8137,0,0,0,7.6314,4.4201,5.6034,0,0,0,0,0,5.9594,8.8461,0,5.701,12.535,5.4988,7.2674,4.9824,11.715,0,3.8684,0,10.194,5.1298,0,0,0,8.0753,0,2.964,2.964,7.5288,4.4201,0,7.2022,0,0,0,7.502,6.2447,0,0,0,0,0,2.964,0,0,0,0,0,3.486,0,2.1379,0,7.795,9.135,0,0,0,5.4988,10.498,0,0,0,0,6.2447,0,0,0,4.6328,5.2636,0,6.5885,3.8684,0,0,0,0,0,5.1298,2.964,0,0,2.1379,0,2.1379,4.1705,9.1948,0,4.4201,0,0,0,0,0,5.6034,0,0,0,0,0,0,4.1705,0,0,2.1379,0,0,4.1705,0,0,0,0,0,0,0,0,0,5.2636,9.2197,0,0,0,0,0,0,0,0,0,5.8783,0,2.1379,6.0362,4.1705,0,5.9594,0,0,0,2.1379,4.8182,0,2.1379,0,0,4.6328,0,7.0623,8.9289,0,10.001,0,4.6328,0,16.945,3.486,9.2523,0,3.8684,10.322,0,7.4184,0,0,0,3.486,0,0,0,0,0,0,0,0,0,0,5.386,0,0,0,0,0
Wood50,3.623,0,4.963,2.2551,0,10.225,13.386,13.918,15.183,0,0,11.733,0,0,0,9.5104,0,0,13.34,0,9.7378,0,0,4.3124,0,10.146,9.4878,11.402,0,6.9278,0,0,0,2.2551,10.077,0,7.4478,9.6592,8.2426,3.0954,0,8.6876,0,6.631,0,0,5.1277,6.456,0,0,10.877,0,10.645,0,4.7769,0,0,11.216,0,0,0,5.4097,7.8292,8.2781,0,0,0,0,0,0,0,4.0085,7.0561,0,0,0,0,3.623,3.623,5.9396,0,0,5.8481,0,4.7769,4.3124,0,7.6779,9.6859,5.5324,0,5.1277,0,0,2.2551,4.5633,0,2.2551,0,0,0,3.0954,0,3.0954,8.5779,0,11.526,0,0,0,0,0,6.3926,0,4.5633,0,0,5.1277,0,0,0,0,0,0,0,0,0,0,0,0,0,0,2.2551,2.2551,7.1357,0,0,0,0,0,0,0,0,2.2551,6.7369,0,0,0,5.1277,0,0,2.2551,0,0,5.1277,8.3298,0,0,0,0,0,3.623,0,0,5.5324,0,5.9396,0,0,0,0,4.963,0,3.623,0,0,0,7.6237,0,0,0,9.2933,0,0,7.8529,8.4746,0,0,0,0,0,0,0,4.0085,0,0,0,0,0,0,0,0,0,2.2551,0,0,0,0,0,0,2.2551,0,0,0,0,0,8.9412,4.3124,0,0,0,4.3124,9.0785,6.631,0,6.0257,3.0954,0,0,14.851,2.2551,11.663,0,3.623,8.0912,0,8.412,0,0,0,6.3263,0,0,5.7503,0,0,0,0,0,0,0,0,9.5399,0,0,0,0
Wood38,3.504,0,13.062,0,0,8.5041,11.698,14.117,9.7762,3.8869,0,13.876,0,11.053,0,11.053,0,3.504,12.655,2.9812,4.6518,0,0,11.106,0,10.629,10.449,10.287,0,10.045,0,10.096,0,11.752,0,0,6.4464,7.2548,6.7535,2.1532,0,10.877,0,0,0,0,0,11.464,2.1532,0,8.9284,0,2.1532,2.9812,6.7066,11.339,0,2.1532,8.3901,5.8977,0,6.1286,0,7.6756,0,0,0,3.504,0,0,0,2.1532,7.1536,0,0,0,0,11.584,6.6081,9.9821,5.2828,2.1532,4.4389,0,4.4389,5.0016,0,0,0,8.5041,7.2548,3.504,3.8869,4.6518,7.3493,6.5562,0,2.9812,0,0,0,6.7066,3.504,6.3882,0,0,5.2828,0,0,0,0,5.4053,5.5181,4.6518,4.6518,0,0,7.2548,0,6.9674,0,0,0,5.2828,0,3.504,0,10.887,0,6.0557,0,0,6.5023,0,5.5181,0,0,0,0,0,4.6518,0,0,0,5.0016,0,10.383,0,0,0,0,0,0,3.8869,2.9812,7.287,0,0,2.9812,4.4389,0,0,2.1532,0,5.149,4.1891,8.3601,0,0,0,0,2.9812,0,0,6.5023,0,0,0,0,0,3.504,0,0,0,0,2.1532,0,0,0,0,0,0,0,3.504,0,2.1532,0,0,4.4389,0,2.1532,0,0,0,0,0,0,0,6.2642,0,2.1532,0,0,0,0,0,0,2.1532,0,9.5293,0,0,5.5181,10.916,0,7.2218,0,5.8977,0,0,0,11.695,2.1532,2.9812,8.2336,0,8.2002,0,0,0,0,0,0,2.1532,0,0,0,0,0,0,4.8372,4.8372,0,0,0,0,0
Wood13,3.0717,6.7102,14.221,0,3.9832,6.366,6.366,6.2302,0,0,19.01,0,0,0,3.0717,3.9832,0,0,4.5374,0,6.9878,0,4.5374,0,0,9.9017,8.6998,0,3.0717,0,0,0,6.0804,0,3.0717,0,6.2302,0,9.7486,0,0,7.5969,0,9.5057,0,0,0,4.5374,0,0,0,0,5.2493,0,8.0643,0,0,6.6043,6.0804,0,0,10.265,0,3.9832,6.366,8.142,0,7.9821,0,0,0,9.6589,0,6.0804,7.9821,0,0,0,6.366,0,8.3528,0,5.7239,0,0,0,6.8088,3.0717,0,0,6.366,6.7102,0,0,0,0,0,0,0,0,0,0,3.9832,0,0,0,0,0,0,0,0,3.0717,6.7102,7.6511,0,0,0,0,0,6.366,0,0,0,0,0,6.9011,0,0,4.5374,5.2493,5.2493,0,0,0,0,0,0,0,0,0,0,0,0,0,0,0,0,6.0804,0,0,0,0,0,0,0,0,0,0,4.5374,0,0,0,0,0,4.5374,0,0,6.2302,5.2493,0,4.5374,3.9832,0,0,0,0,0,6.4901,0,0,0,0,0,4.5374,0,4.9369,0,0,5.7239,0,0,0,0,0,0,0,4.5374,0,0,0,0,0,0,0,4.9369,0,0,0,7.5969,0,3.0717,0,0,0,0,0,0,0,0,0,0,0,9.8331,0,0,0,0,0,0,4.5374,0,0,0,4.9369,0,0,0,0,3.0717,0,5.2493,0,0,0,0,0,0,0,0,0,0,6.9878,0,0,0,0,7.482
Wood46,4.2534,0,14.677,16.567,3.7058,2.8123,9.4996,9.1325,2.8123,0,0,4.6494,0,0,0,7.8823,0,2.8123,2.8123,4.6494,10.418,0,5.9364,0,0,6.5135,8.9859,0,0,0,0,0,0,2.8123,0,0,8.2958,0,9.2513,0,0,4.6494,0,0,0,0,8.3501,6.3095,0,0,0,5.9364,0,6.4151,9.615,5.787,2.8123,0,3.7058,0,0,6.1955,0,6.0718,6.4151,7.5982,0,6.5135,2.8123,0,0,8.7027,0,5.787,8.3232,0,9.3743,3.7058,8.1504,0,4.2534,0,0,0,7.9186,2.8123,0,0,0,0,0,5.4319,4.6494,0,0,0,0,2.8123,0,0,3.7058,7.1857,6.1955,0,0,0,0,0,0,0,0,0,0,8.1195,7.457,0,0,0,0,3.7058,5.6204,0,6.6922,0,0,5.2151,0,0,0,5.787,0,0,0,0,4.6494,5.6204,9.9845,5.787,0,0,0,0,0,0,0,0,0,0,2.8123,0,0,0,0,0,2.8123,0,0,0,5.2151,0,6.9944,0,0,0,0,0,0,0,0,0,7.3004,0,0,5.9364,0,0,4.6494,7.1247,0,0,0,0,0,5.4319,0,0,0,0,0,0,0,0,0,6.3095,0,8.6817,4.2534,0,0,0,0,0,2.8123,0,0,0,0,5.787,0,0,0,0,0,0,0,0,0,0,0,0,3.7058,0,3.7058,8.6604,0,0,0,4.6494,3.7058,2.8123,4.6494,0,0,0,0,0,0,0,0,0,0,0,0,0,0,0,0,0,7.8823,5.787,0,0,0,0,0,0,0
Wood20,1.6409,5.4387,3.7774,1.6409,0,6.0126,8.2874,12.619,6.6822,1.6409,0,15.007,12.234,15.527,0,9.097,0,2.8789,3.7774,0,13.631,0,12.876,0,0,8.6716,7.1159,5.2101,5.3665,7.645,13.627,2.3888,0,11.375,0,0,6.9773,0,4.3268,0,0,8.0544,0,10.024,0,0,8.919,0,7.8039,11.774,11.349,0,4.7238,9.3238,9.8496,0,6.422,4.3268,10.968,3.5352,0,7.34,0,5.8095,9.1081,7.4664,0,7.8443,9.338,0,0,1.6409,4.7238,10.721,5.2904,0,2.3888,0,5.1251,0,10.084,10.483,4.3268,0,3.2441,2.3888,6.422,0,3.7774,2.8789,5.0347,9.8823,6.6214,0,10.118,0,0,7.5339,0,1.6409,0,5.5732,0,7.6901,9.7537,0,1.6409,0,3.2441,1.6409,0,1.6409,0,7.8039,6.3859,0,2.8789,0,9.1993,8.7518,2.8789,7.0937,8.9808,8.9127,0,3.5352,0,0,1.6409,0,8.7589,0,0,0,4.7238,0,2.8789,5.9146,0,0,0,0,2.8789,0,0,4.835,0,0,0,0,0,0,0,0,2.3888,0,0,1.6409,3.2441,0,0,0,1.6409,2.8789,5.1251,0,1.6409,5.0347,3.9846,0,2.8789,7.2015,0,0,0,0,6.148,0,0,0,0,0,0,6.148,0,0,0,8.2874,0,0,8.0428,1.6409,0,5.8095,0,4.3268,5.1251,0,0,8.1543,0,1.6409,3.5352,0,6.3859,0,0,0,1.6409,0,2.3888,0,0,0,0,7.0937,0,0,6.7689,3.5352,5.4387,0,6.0126,5.9146,0,2.8789,0,4.1658,0,0,0,1.6409,0,5.9644,0,6.4572,0,0,0,0,0,0,0,0,0,0,0,0,0,5.636,0,0,0,0,0,0,7.1594
Wood1,3.9732,0,19.438,9.9022,0,8.2753,9.495,0,9.3724,0,0,0,0,3.9732,0,5.9026,0,3.9732,0,0,7.4714,0,5.4956,0,3.9732,11.89,9.9022,0,5.9026,0,5.4956,6.2197,0,0,3.9732,0,9.7626,0,7.0591,0,0,0,0,0,0,0,5.9026,3.9732,0,0,3.9732,0,0,0,10.634,0,0,5.9026,3.9732,4.9266,0,8.2753,0,7.3466,0,8.3422,0,0,4.9266,0,0,7.5863,0,3.9732,11.363,0,0,0,0,0,0,0,0,0,0,0,3.9732,0,0,0,0,0,0,0,0,0,0,0,0,0,0,9.1662,5.9026,0,0,0,3.9732,0,0,0,0,0,7.7917,7.21,0,0,6.4795,0,0,0,0,0,8.0537,0,0,7.0591,0,0,7.21,0,0,0,0,0,4.9266,0,5.4956,0,0,0,10.934,0,0,0,0,0,0,0,4.9266,0,0,0,0,0,3.9732,0,0,0,8.3422,0,0,0,3.9732,0,0,0,0,0,0,0,0,0,0,0,0,0,0,4.9266,0,0,0,0,0,0,0,0,0,0,0,0,0,0,0,0,0,0,0,0,0,0,0,0,0,0,0,0,0,6.8905,0,0,0,0,0,0,0,0,0,0,0,0,0,0,6.6996,0,0,0,9.435,0,0,0,3.9732,0,0,8.2051,0,0,0,7.7917,0,7.5863,0,0,0,0,0,0,0,0,0,0,0,5.4956,0,0,3.9732,0,0
Wood15,0,0,3.283,2.4241,0,0,10.252,9.2479,3.8177,12.055,0,0,0,0,16.355,0,0,0,0,0,8.3011,0,0,0,0,9.7282,6.2333,0,0,8.9874,0,0,0,6.7836,0,0,7.0914,0,5.6157,0,0,7.5605,0,0,0,0,4.9804,3.283,2.4241,0,2.4241,0,3.8177,11.487,8.5898,3.283,12.378,2.4241,0,0,0,6.9959,0,7.5935,0,7.181,0,6.9959,0,12.435,9.1179,5.1673,2.4241,3.283,10.205,8.715,0,0,8.4705,0,0,6.8937,6.3918,0,7.3057,0,7.3832,2.4241,0,8.0627,6.4649,9.1292,0,0,0,0,0,7.5267,0,3.283,7.4922,5.7388,0,9.3576,2.4241,8.1317,3.8177,0,3.8177,0,0,0,2.4241,9.012,0,0,0,3.283,0,3.8177,6.1471,0,5.8522,3.8177,0,4.7656,0,0,0,0,0,0,0,0,6.9959,3.8177,0,0,0,0,0,0,0,0,0,2.4241,0,4.5131,0,0,0,0,0,0,0,0,0,0,4.5131,0,0,0,2.4241,0,0,0,0,4.5131,4.9804,0,6.3147,3.8177,0,0,0,0,0,0,0,0,5.8522,0,0,2.4241,0,0,0,0,0,0,0,0,0,0,0,0,0,0,0,0,8.715,0,3.283,0,0,0,0,0,3.283,0,0,0,0,0,0,0,0,0,0,4.5131,0,0,4.7656,5.8522,4.2069,0,0,5.1673,0,0,9.7207,0,11.536,6.1471,0,0,6.5345,0,8.6537,7.0914,0,0,0,0,0,0,0,6.601,6.0553,6.8937,0,0,0,0,0,0,3.8177
